<?xml version="1.0" encoding="utf-8"?>
<odoo>
    <data noupdate="1">

        <record id="ir_cron_it_ticket_manager_reminder" model="ir.cron">
            <field name="name">IT Ticket: Send 24hr Approval Reminder to Line Manager</field>
            <field name="model_id" ref="ticketing_it.model_it_ticket"/>
            <field name="state">code</field>
            <field name="code">model.action_send_manager_reminder()</field>
            <field name="interval_number">24</field>
            <field name="interval_type">hours</field>
            <field name="active" eval="True"/>
        </record>

    </data>
</odoo>