<?xml version="1.0" encoding="UTF-8"?>
<odoo>
    <record id="rule_hr_employee_portal_user" model="ir.rule">
        <field name="name">Portal: Access Own Employee Record</field>
        <field name="model_id" ref="hr.model_hr_employee"/>
        <field name="groups" eval="[(4, ref('base.group_portal'))]"/>
        <field name="domain_force">[('user_id', '=', user.id)]</field>
        <field name="perm_read" eval="True"/>
        <field name="perm_write" eval="True"/>
        <field name="perm_create" eval="False"/>
        <field name="perm_unlink" eval="False"/>
    </record>
    <record id="rule_project_task_portal_user" model="ir.rule">
        <field name="name">Portal: Access Own Tasks</field>
        <field name="model_id" ref="project.model_project_task"/>
        <field name="groups" eval="[(4, ref('base.group_portal'))]"/>
        <field name="domain_force">[("user_ids", "in", [user.id])]</field>
        <field name="perm_read" eval="True"/>
        <field name="perm_write" eval="False"/>
        <field name="perm_create" eval="False"/>
        <field name="perm_unlink" eval="False"/>
    </record>
    <record id="rule_crm_lead_portal_user" model="ir.rule">
        <field name="name">Portal: Manage Own CRM Leads</field>
        <field name="model_id" ref="crm.model_crm_lead"/>
        <field name="groups" eval="[(4, ref('base.group_portal'))]"/>
        <field name="domain_force">[('user_id', '=', user.id)]</field>
        <field name="perm_read" eval="True"/>
        <field name="perm_write" eval="True"/>
        <field name="perm_create" eval="True"/>
        <field name="perm_unlink" eval="True"/>
    </record>
    
    <!-- Payslip Security Rules -->
    <record id="rule_hr_payslip_portal_user" model="ir.rule">
        <field name="name">Portal: Access Own Payslips</field>
        <field name="model_id" ref="hr_payroll.model_hr_payslip"/>
        <field name="groups" eval="[(4, ref('base.group_portal'))]"/>
        <field name="domain_force">[('employee_id.user_id', '=', user.id)]</field>
        <field name="perm_read" eval="True"/>
        <field name="perm_write" eval="False"/>
        <field name="perm_create" eval="False"/>
        <field name="perm_unlink" eval="False"/>
    </record>
    
    <record id="rule_hr_payslip_line_portal_user" model="ir.rule">
        <field name="name">Portal: Access Own Payslip Lines</field>
        <field name="model_id" ref="hr_payroll.model_hr_payslip_line"/>
        <field name="groups" eval="[(4, ref('base.group_portal'))]"/>
        <field name="domain_force">[('slip_id.employee_id.user_id', '=', user.id)]</field>
        <field name="perm_read" eval="True"/>
        <field name="perm_write" eval="False"/>
        <field name="perm_create" eval="False"/>
        <field name="perm_unlink" eval="False"/>
    </record>
    
    <record id="rule_hr_salary_rule_category_portal_user" model="ir.rule">
        <field name="name">Portal: Access Salary Rule Categories</field>
        <field name="model_id" ref="hr_payroll.model_hr_salary_rule_category"/>
        <field name="groups" eval="[(4, ref('base.group_portal'))]"/>
        <field name="domain_force">[(1, '=', 1)]</field>
        <field name="perm_read" eval="True"/>
        <field name="perm_write" eval="False"/>
        <field name="perm_create" eval="False"/>
        <field name="perm_unlink" eval="False"/>
    </record>
</odoo>
